operation_type,source_warehouse,destination_warehouse,article_id,quantity
move,Warehouse_A,Warehouse_B,1,3,
move,Warehouse_A,Warehouse_C,5,5,
add,,Warehouse_C,1,4
add,,Warehouse_A,3,6
move,Warehouse_B,Warehouse_C,9,10,
add,,Warehouse_B,4,8
move,Warehouse_C,Warehouse_A,12,25,
add,,Warehouse_C,2,5
move,Warehouse_C,Warehouse_A,5,5,
add,,Warehouse_B,5,3
move,Warehouse_C,Warehouse_B,9,8,
add,,Warehouse_C,8,12
move,Warehouse_B,Warehouse_A,8,2,
add,,Warehouse_A,5,4
move,Warehouse_A,Warehouse_C,6,5,
add,,Warehouse_B,38,Apple,food,4,6
move,Warehouse_B,Warehouse_A,8,40,
add,,Warehouse_C,9,5
move,Warehouse_C,Warehouse_A,5,30,
add,,Warehouse_B,6,4