warehouse_name,article_id,article_name,category,quantity,period
Warehouse_A,1,Laptop,electronics,5,3
Warehouse_A,2,Apple,food,10,7
Warehouse_A,3,Phone,electronics,8,2
Warehouse_A,4,Bread,food,15,5
Warehouse_A,5,TV,electronics,3,4
Warehouse_A,6,Cheese,food,6,12
Warehouse_A,7,Headphones,electronics,12,1
Warehouse_A,8,Yogurt,food,20,6
Warehouse_A,9,Printer,electronics,4,5
Warehouse_A,10,Eggs,food,30,9,-1
Warehouse_B,6,Cheese,food,5,8
Warehouse_B,12,Milk,food,12,6
Warehouse_B,8,Yogurt,food,5,12
Warehouse_B,7,Headphones,electronics,2,1
Warehouse_B,3,Phone,electronics,
Warehouse_B,4,Bread,food,10,5
Warehouse_B,10,Eggs,food,30,9,2
Warehouse_B,2,Apple,food,12,7
Warehouse_B,3,Phone,electronics,8,2
Warehouse_B,7,Headphones,electronics,12,20
Warehouse_C,7,Headphones,electronics,12,15
Warehouse_C,3,Phone,electronics,5,2
Warehouse_C,4,Bread,food,20,5
Warehouse_C,12,Milk,food,15,6
Warehouse_C,8,Yogurt,food,20,6
Warehouse_C,10,Eggs,food,30,19,3
Warehouse_C,9,Printer,
Warehouse_C,6,Cheese,food,5,5
Warehouse_C,2,Apple,food,15,7
Warehouse_C,1,Laptop,electronics,5,4